name,password,email,state,county 
Casey Smith,FCrn*l2edlBD#d,casey.smith@inbox.test,Nevada,Clark 
Morgan Moore,C5Jau2RJtBRnlW,morgan.moore@myapp.local,Texas,Harris  
Charlie Lopez,f6&pWk?LUyifDL,charlie.lopez@inbox.test,Texas,Harris
Riley Brown,J6UuVTAIjv&Fu7,riley.brown@myapp.local,Florida,Miami-Dade  
Avery Moore,PhDeOZIiB_OB@Y,avery.moore@mail.com,New Mexico,Bernalillo  
Dakota Jones,rF-&H2ZUCr$@lg,dakota.jones@inbox.test,Tennessee,Davidson  
Casey Jones,2iXW7^G?bo&IRo,casey.jones@mail.com,Arizona,Maricopa  
Reese Garcia,aH#w#nM#ztVu*^,reese.garcia@myapp.local,New Mexico,Bernalillo  
Alex Martin,!coUNEhE_kk!i&,alex.martin@inbox.test,North Carolina,Mecklenburg  
Drew Jones,?vH^2B*zNZV4%5,drew.jones@myapp.local,Texas,Harris  
Riley Davis,Rc?DCajhDieQj$,riley.davis@example.com,California,Los Angeles  
Avery Thomas,*q8F80ymm3T207,avery.thomas@mail.com,Tennessee,Davidson  
Jordan Brown,ZRnFyy&5r2xJ7F,jordan.brown@example.com,Tennessee,Davidson  
Taylor Anderson,g*blEv0!9BZhvW,taylor.anderson@example.com,Texas,Travis  
Cameron Rodriguez,K2-!tyLBh*hOhg,cameron.rodriguez@myapp.local,Colorado,Denver  
Hayden Taylor,h$kxiiEZp_Ffk1,hayden.taylor@mail.com,Michigan,Wayne  
Emerson Jackson,HAOEHYqM6Ojb6_,emerson.jackson@inbox.test,Texas,Harris  
Taylor Moore,#HqSiFVKu4*M^b,taylor.moore@mail.com,Michigan,Wayne  
Skyler Martinez,rHon?tIKARAH#!,skyler.martinez@example.com,Arizona,Maricopa  
Jordan Williams,JfaQqHu4?2-boj,jordan.williams@myapp.local,New Mexico,Bernalillo  
Drew Moore,V?s3qfNUfTAFnT,drew.moore@example.com,North Carolina,Mecklenburg  
Skyler Wilson,Euw0dwQ0FIunWe,skyler.wilson@mail.com,Tennessee,Davidson  
Hayden Davis,6SNDCdyZQJiJS$,hayden.davis@mail.com,Florida,Miami-Dade  
Skyler Hernandez,oHwHen3SO3$oXy,skyler.hernandez@example.com,Arizona,Maricopa  
Jordan Wilson,%&zU3iQOpM#N0P,jordan.wilson@example.com,Florida,Miami-Dade  
Rowan Moore,y1Ww_MZ?aMKA3P,rowan.moore@mail.com,Georgia,Fulton  
Dakota Anderson,$8vkK$QlENCzsd,dakota.anderson@mail.com,Texas,Travis  
Riley Thomas,61yX@ZFsan2Cw%,riley.thomas@example.com,Georgia,Fulton  
Jordan Moore,p6r7^-O4#2?5u8,jordan.moore@mail.com,Georgia,Fulton  
Avery Davis,%!EJ4jKEIQO*kr,avery.davis@inbox.test,Illinois,Cook  